Liczba_obserwacji,Liczba_grup,Czas_wykonania,Biblioteka,RAM
10000,25,0.0959,lme4,14.3831
20000,25,0.158,lme4,28.6927
30000,25,0.2302,lme4,41.8227
40000,25,0.3035,lme4,57.3128
50000,25,0.3971,lme4,70.442
60000,25,0.471,lme4,83.572
70000,25,0.604,lme4,101.4214
80000,25,0.623,lme4,114.5506
90000,25,0.763,lme4,127.6806
100000,25,0.7752,lme4,140.8111
110000,25,1.0031,lme4,153.9411
120000,25,1.0274,lme4,167.0706
130000,25,1.1547,lme4,180.2013
140000,25,1.1619,lme4,202.7678
150000,25,1.2466,lme4,215.8978
160000,25,1.4082,lme4,229.0283
170000,25,1.3539,lme4,242.1578
180000,25,1.5026,lme4,255.2878
190000,25,1.684,lme4,268.4183
200000,25,1.7387,lme4,281.5478
210000,25,1.9026,lme4,294.678
220000,25,1.9424,lme4,307.8078
230000,25,2.1274,lme4,320.9378
240000,25,2.19,lme4,334.0691
250000,25,2.5154,lme4,347.1993
260000,25,2.7695,lme4,360.3278
270000,25,2.6079,lme4,392.3321
280000,25,2.6708,lme4,405.4624
290000,25,2.5172,lme4,418.5922
300000,25,2.6905,lme4,431.7229
310000,25,2.5489,lme4,444.8521
320000,25,2.6555,lme4,457.9824
330000,25,2.7415,lme4,471.1124
340000,25,3.0366,lme4,484.2423
350000,25,3.0776,lme4,497.3722
360000,25,3.3011,lme4,510.5029
370000,25,3.4107,lme4,523.6321
380000,25,3.5323,lme4,536.7621
390000,25,3.5586,lme4,549.8929
400000,25,3.578,lme4,563.0221
410000,25,3.8888,lme4,576.1531
420000,25,4.1791,lme4,589.2824
430000,25,4.3524,lme4,602.4121
440000,25,4.4947,lme4,615.5426
450000,25,4.189,lme4,628.6726
460000,25,4.6605,lme4,641.8023
470000,25,4.6144,lme4,654.9321
480000,25,4.675,lme4,668.0626
490000,25,4.8185,lme4,681.1926
500000,25,4.9967,lme4,694.3221
510000,25,4.8735,lme4,707.4523
520000,25,5.0149,lme4,720.5821
530000,25,5.0668,lme4,771.4616
540000,25,5.1541,lme4,784.5911
550000,25,5.0157,lme4,797.7211
560000,25,5.4493,lme4,810.8509
570000,25,5.353,lme4,823.9816
580000,25,5.4906,lme4,837.1109
590000,25,5.6003,lme4,850.2409
600000,25,5.789,lme4,863.3709
610000,25,5.492,lme4,876.5021
620000,25,5.7324,lme4,889.6309
630000,25,5.7717,lme4,902.7609
640000,25,5.9983,lme4,915.8911
650000,25,6.0926,lme4,929.0211
660000,25,6.2142,lme4,942.1516
670000,25,6.25,lme4,955.2812
680000,25,6.5053,lme4,968.4109
690000,25,6.496,lme4,981.5414
700000,25,6.5722,lme4,994.6709
710000,25,6.7051,lme4,1007.8009
720000,25,6.6772,lme4,1020.9316
730000,25,6.9622,lme4,1034.0611
740000,25,7.2463,lme4,1047.1913
750000,25,7.1986,lme4,1060.3209
760000,25,7.3689,lme4,1073.4514
770000,25,7.3562,lme4,1086.5811
780000,25,7.3289,lme4,1099.7111
790000,25,7.749,lme4,1112.8411
800000,25,7.7654,lme4,1125.9711
810000,25,7.7429,lme4,1139.1011
820000,25,7.7446,lme4,1152.2311
830000,25,8.0244,lme4,1165.3611
840000,25,8.4368,lme4,1178.4911
850000,25,8.4992,lme4,1191.6209
860000,25,8.6462,lme4,1204.7514
870000,25,8.7109,lme4,1217.8809
880000,25,8.7773,lme4,1231.0114
890000,25,8.7808,lme4,1244.1411
900000,25,8.8014,lme4,1257.2714
910000,25,8.873,lme4,1270.4009
920000,25,9.6457,lme4,1283.5309
930000,25,9.1384,lme4,1296.6616
940000,25,9.0699,lme4,1309.7911
950000,25,9.1967,lme4,1322.9209
960000,25,9.5746,lme4,1336.0514
970000,25,9.8692,lme4,1349.1811
980000,25,8.8089,lme4,1362.3109
990000,25,9.5139,lme4,1375.4414
1000000,25,9.4413,lme4,1388.5713
10000,25,0.0936,nlme,15.8978
20000,25,0.1843,nlme,31.6813
30000,25,0.2545,nlme,45.9996
40000,25,0.3651,nlme,63.2248
50000,25,0.4837,nlme,77.5432
60000,25,0.5744,nlme,91.8732
70000,25,0.6723,nlme,111.9762
80000,25,0.8578,nlme,126.3062
90000,25,0.958,nlme,140.6304
100000,25,1.1074,nlme,154.9604
110000,25,1.121,nlme,169.2904
120000,25,1.344,nlme,183.6204
130000,25,1.3947,nlme,197.9446
140000,25,1.5137,nlme,223.867
150000,25,1.6518,nlme,238.1447
160000,25,1.8733,nlme,252.4747
170000,25,1.923,nlme,266.8105
180000,25,1.9937,nlme,281.1289
190000,25,2.1401,nlme,295.4647
200000,25,2.4087,nlme,309.7947
210000,25,2.4546,nlme,324.1305
220000,25,2.5638,nlme,338.4605
230000,25,2.7182,nlme,352.837
240000,25,2.98,nlme,367.1147
250000,25,3.2219,nlme,381.4389
260000,25,3.6748,nlme,395.7747
270000,25,3.1159,nlme,433.1792
280000,25,3.0263,nlme,447.5034
290000,25,3.1539,nlme,461.8276
300000,25,3.2051,nlme,476.1692
310000,25,3.3264,nlme,490.4876
320000,25,3.4634,nlme,504.8176
330000,25,3.4873,nlme,519.1476
340000,25,3.7192,nlme,533.4834
350000,25,3.7512,nlme,547.8076
360000,25,3.8538,nlme,562.1376
370000,25,4.0087,nlme,576.4676
380000,25,4.07,nlme,590.8034
390000,25,4.3495,nlme,605.1276
400000,25,4.4288,nlme,619.4576
410000,25,4.719,nlme,633.7876
420000,25,4.7873,nlme,648.1234
430000,25,5.0509,nlme,662.4534
440000,25,5.2133,nlme,676.7776
450000,25,5.0661,nlme,691.1076
460000,25,5.5327,nlme,705.4376
470000,25,5.448,nlme,719.7734
480000,25,5.5981,nlme,734.1034
490000,25,5.5445,nlme,748.4334
500000,25,5.8388,nlme,762.7576
510000,25,5.7596,nlme,777.0876
520000,25,5.7929,nlme,791.4234
530000,25,5.9786,nlme,851.8849
540000,25,6.2292,nlme,866.2149
550000,25,6.4275,nlme,880.5449
560000,25,6.4012,nlme,894.8924
570000,25,6.4862,nlme,909.2049
580000,25,6.4971,nlme,923.5407
590000,25,6.6232,nlme,937.8707
600000,25,6.599,nlme,952.1949
610000,25,6.8504,nlme,966.5307
620000,25,6.9194,nlme,980.8552
630000,25,6.9877,nlme,995.1849
640000,25,7.1469,nlme,1009.5149
650000,25,7.4745,nlme,1023.8449
660000,25,7.2925,nlme,1038.2214
670000,25,7.4743,nlme,1052.5107
680000,25,7.5707,nlme,1066.8349
690000,25,7.7992,nlme,1081.1649
700000,25,7.9328,nlme,1095.4949
710000,25,7.8838,nlme,1109.8249
720000,25,8.1225,nlme,1124.1666
730000,25,8.43,nlme,1138.4907
740000,25,8.3286,nlme,1152.8207
750000,25,8.2816,nlme,1167.1449
760000,25,8.2516,nlme,1181.4749
770000,25,8.3695,nlme,1195.8049
780000,25,8.6711,nlme,1210.1582
790000,25,8.5566,nlme,1224.4882
800000,25,8.726,nlme,1238.8007
810000,25,9.0701,nlme,1253.1252
820000,25,9.1328,nlme,1267.4549
830000,25,9.365,nlme,1281.7849
840000,25,9.6132,nlme,1296.1149
850000,25,9.4168,nlme,1310.4914
860000,25,9.5018,nlme,1324.7866
870000,25,9.9039,nlme,1339.1226
880000,25,9.6474,nlme,1353.4349
890000,25,9.7463,nlme,1367.7707
900000,25,9.9931,nlme,1382.0949
910000,25,10.2563,nlme,1396.431
920000,25,10.3179,nlme,1410.761
930000,25,10.5369,nlme,1425.1372
940000,25,10.481,nlme,1439.4614
950000,25,10.6937,nlme,1453.7449
960000,25,10.8439,nlme,1468.0749
970000,25,10.9738,nlme,1482.4049
980000,25,10.447,nlme,1496.7349
990000,25,10.7858,nlme,1511.0649
1000000,25,10.7804,nlme,1525.3949
10000,25,1.7257,mgcv,8.9378
20000,25,1.7325,mgcv,23.3223
30000,25,1.68,mgcv,33.0611
40000,25,1.7144,mgcv,43.2895
50000,25,1.7879,mgcv,52.9924
60000,25,1.791,mgcv,62.6963
70000,25,1.7686,mgcv,73.4479
80000,25,1.8071,mgcv,83.1516
90000,25,1.8189,mgcv,92.855
100000,25,1.8596,mgcv,102.5587
110000,25,1.9359,mgcv,112.2979
120000,25,1.9011,mgcv,122.0011
130000,25,1.9336,mgcv,131.7045
140000,25,1.9468,mgcv,143.505
150000,25,1.9419,mgcv,153.2084
160000,25,1.9972,mgcv,162.9116
170000,25,1.9537,mgcv,172.6158
180000,25,1.9912,mgcv,182.3207
190000,25,2.0302,mgcv,192.023
200000,25,2.0366,mgcv,201.7269
210000,25,2.1835,mgcv,211.4313
220000,25,2.1241,mgcv,221.133
230000,25,2.1041,mgcv,230.8372
240000,25,2.2632,mgcv,240.5406
250000,25,2.328,mgcv,250.2445
260000,25,2.4535,mgcv,259.9474
270000,25,2.2504,mgcv,273.8451
280000,25,2.0541,mgcv,283.5479
290000,25,2.0825,mgcv,293.2527
300000,25,2.0831,mgcv,302.9553
310000,25,2.1132,mgcv,312.6603
320000,25,2.1181,mgcv,322.3634
330000,25,2.1521,mgcv,332.0674
340000,25,2.1718,mgcv,341.772
350000,25,2.2084,mgcv,351.474
360000,25,2.2207,mgcv,361.1785
370000,25,2.2121,mgcv,370.8805
380000,25,2.2837,mgcv,380.5837
390000,25,2.257,mgcv,390.2879
400000,25,2.2614,mgcv,399.9918
410000,25,2.4739,mgcv,409.7315
420000,25,2.3987,mgcv,419.4335
430000,25,2.5777,mgcv,429.1378
440000,25,2.5278,mgcv,438.8424
450000,25,2.4233,mgcv,448.5459
460000,25,2.6054,mgcv,458.2474
470000,25,2.4709,mgcv,467.9512
480000,25,2.558,mgcv,477.6544
490000,25,2.6558,mgcv,487.3587
500000,25,2.5702,mgcv,497.062
510000,25,2.6074,mgcv,506.766
520000,25,2.596,mgcv,516.4697
530000,25,2.7402,mgcv,534.5602
540000,25,2.6281,mgcv,544.2668
550000,25,2.8061,mgcv,553.9682
560000,25,2.6706,mgcv,563.6728
570000,25,2.6026,mgcv,573.376
580000,25,2.6949,mgcv,583.0793
590000,25,2.665,mgcv,592.7819
600000,25,2.6042,mgcv,602.4857
610000,25,2.6555,mgcv,612.1899
620000,25,2.7141,mgcv,621.893
630000,25,2.7211,mgcv,631.5971
640000,25,2.7731,mgcv,641.2992
650000,25,2.8674,mgcv,651.0031
660000,25,2.7398,mgcv,660.7079
670000,25,2.8124,mgcv,670.4106
680000,25,2.8165,mgcv,680.1136
690000,25,2.8771,mgcv,689.8198
700000,25,2.8727,mgcv,699.5211
710000,25,2.885,mgcv,709.2234
720000,25,2.962,mgcv,718.9295
730000,25,2.9393,mgcv,728.6304
740000,25,2.9799,mgcv,738.3372
750000,25,3.0229,mgcv,748.0394
760000,25,3.1002,mgcv,757.743
770000,25,3.1189,mgcv,767.4459
780000,25,3.1675,mgcv,777.1486
790000,25,3.1009,mgcv,786.8549
800000,25,3.0686,mgcv,796.5565
810000,25,3.1605,mgcv,806.2614
820000,25,3.4432,mgcv,815.9638
830000,25,3.187,mgcv,825.6659
840000,25,3.3426,mgcv,835.372
850000,25,3.2438,mgcv,845.0738
860000,25,3.3063,mgcv,854.7794
870000,25,3.4441,mgcv,864.4813
880000,25,3.2935,mgcv,874.184
890000,25,3.3113,mgcv,883.8894
900000,25,3.3816,mgcv,893.5918
910000,25,3.4608,mgcv,903.2949
920000,25,3.6054,mgcv,912.9981
930000,25,3.42,mgcv,922.7047
940000,25,3.404,mgcv,932.4062
950000,25,3.5586,mgcv,942.1099
960000,25,3.4128,mgcv,951.8129
970000,25,3.468,mgcv,961.5197
980000,25,3.3024,mgcv,971.2206
990000,25,3.5246,mgcv,980.9235
1000000,25,3.8102,mgcv,990.6288
10000,25,6.9497,statsmodel_formula,4.57
20000,25,0.688,statsmodel_formula,1.81
30000,25,0.3947,statsmodel_formula,2.77
40000,25,0.457,statsmodel_formula,4.45
50000,25,0.4037,statsmodel_formula,6.65
60000,25,0.5153,statsmodel_formula,8.26
70000,25,0.574,statsmodel_formula,8.39
80000,25,0.6697,statsmodel_formula,11.05
90000,25,0.91,statsmodel_formula,10.00
100000,25,1.0457,statsmodel_formula,12.23
110000,25,0.9723,statsmodel_formula,13.42
120000,25,0.879,statsmodel_formula,13.69
130000,25,1.0923,statsmodel_formula,17.53
140000,25,1.281,statsmodel_formula,16.57
150000,25,1.1117,statsmodel_formula,20.45
160000,25,1.2407,statsmodel_formula,22.07
170000,25,1.229,statsmodel_formula,22.70
180000,25,1.3857,statsmodel_formula,23.63
190000,25,1.2807,statsmodel_formula,22.90
200000,25,1.3523,statsmodel_formula,26.67
210000,25,1.4267,statsmodel_formula,27.22
220000,25,1.6447,statsmodel_formula,28.48
230000,25,1.543,statsmodel_formula,29.98
240000,25,1.6793,statsmodel_formula,31.61
250000,25,1.6263,statsmodel_formula,32.86
260000,25,1.7267,statsmodel_formula,34.68
270000,25,1.7047,statsmodel_formula,35.44
280000,25,1.8487,statsmodel_formula,37.39
290000,25,1.832,statsmodel_formula,38.65
300000,25,1.9103,statsmodel_formula,39.62
310000,25,1.9327,statsmodel_formula,40.50
320000,25,2.0113,statsmodel_formula,42.00
330000,25,2.2933,statsmodel_formula,42.80
340000,25,2.2077,statsmodel_formula,44.58
350000,25,2.284,statsmodel_formula,46.48
360000,25,2.4123,statsmodel_formula,47.89
370000,25,2.545,statsmodel_formula,49.66
380000,25,2.542,statsmodel_formula,50.22
390000,25,2.505,statsmodel_formula,51.99
400000,25,2.916,statsmodel_formula,53.46
410000,25,2.605,statsmodel_formula,54.54
420000,25,2.711,statsmodel_formula,55.81
430000,25,2.6163,statsmodel_formula,56.95
440000,25,2.8417,statsmodel_formula,57.76
450000,25,2.7823,statsmodel_formula,60.60
460000,25,2.9343,statsmodel_formula,62.17
470000,25,2.9573,statsmodel_formula,63.29
480000,25,3.156,statsmodel_formula,63.63
490000,25,3.214,statsmodel_formula,63.39
500000,25,3.3757,statsmodel_formula,66.61
510000,25,3.4467,statsmodel_formula,68.13
520000,25,3.6773,statsmodel_formula,68.42
530000,25,3.6723,statsmodel_formula,70.27
540000,25,3.734,statsmodel_formula,72.04
550000,25,3.965,statsmodel_formula,72.81
560000,25,4.1457,statsmodel_formula,74.29
570000,25,3.9973,statsmodel_formula,75.84
580000,25,4.2033,statsmodel_formula,77.62
590000,25,3.7143,statsmodel_formula,77.90
600000,25,4.167,statsmodel_formula,79.35
610000,25,4.268,statsmodel_formula,81.04
620000,25,4.3767,statsmodel_formula,82.88
630000,25,4.445,statsmodel_formula,83.19
640000,25,4.3613,statsmodel_formula,86.36
650000,25,4.5387,statsmodel_formula,87.28
660000,25,4.8487,statsmodel_formula,86.65
670000,25,5.0507,statsmodel_formula,88.01
680000,25,4.2703,statsmodel_formula,89.14
690000,25,4.165,statsmodel_formula,91.20
700000,25,4.6833,statsmodel_formula,92.91
710000,25,5.1557,statsmodel_formula,94.05
720000,25,5.4907,statsmodel_formula,96.19
730000,25,5.6373,statsmodel_formula,97.35
740000,25,5.1597,statsmodel_formula,100.02
750000,25,5.0863,statsmodel_formula,99.51
760000,25,5.1597,statsmodel_formula,100.78
770000,25,6.1027,statsmodel_formula,102.95
780000,25,5.5833,statsmodel_formula,101.38
790000,25,6.2417,statsmodel_formula,104.30
800000,25,5.8247,statsmodel_formula,105.19
810000,25,5.4563,statsmodel_formula,108.29
820000,25,6.4757,statsmodel_formula,108.74
830000,25,5.746,statsmodel_formula,111.06
840000,25,6.091,statsmodel_formula,114.35
850000,25,6.2533,statsmodel_formula,114.44
860000,25,6.4167,statsmodel_formula,112.90
870000,25,6.329,statsmodel_formula,116.05
880000,25,6.5293,statsmodel_formula,118.16
890000,25,6.047,statsmodel_formula,118.80
900000,25,6.9737,statsmodel_formula,120.05
910000,25,6.8547,statsmodel_formula,119.71
920000,25,6.9093,statsmodel_formula,124.34
930000,25,6.827,statsmodel_formula,122.54
940000,25,6.735,statsmodel_formula,124.74
950000,25,6.6467,statsmodel_formula,125.38
960000,25,7.2407,statsmodel_formula,125.74
970000,25,7.2137,statsmodel_formula,129.10
980000,25,7.8127,statsmodel_formula,128.09
990000,25,7.4083,statsmodel_formula,129.14
1000000,25,7.366,statsmodel_formula,130.77
10000,25,0.247,statsmodel_matrix,1.28
20000,25,0.2923,statsmodel_matrix,0.30
30000,25,0.3273,statsmodel_matrix,3.19
40000,25,0.3897,statsmodel_matrix,4.06
50000,25,0.4393,statsmodel_matrix,4.17
60000,25,0.481,statsmodel_matrix,4.65
70000,25,0.506,statsmodel_matrix,7.36
80000,25,0.7033,statsmodel_matrix,6.98
90000,25,0.7933,statsmodel_matrix,7.98
100000,25,0.8127,statsmodel_matrix,9.92
110000,25,0.9003,statsmodel_matrix,9.51
120000,25,0.8273,statsmodel_matrix,9.47
130000,25,0.8233,statsmodel_matrix,9.97
140000,25,0.9713,statsmodel_matrix,11.07
150000,25,1.1607,statsmodel_matrix,14.18
160000,25,1.09,statsmodel_matrix,14.36
170000,25,1.2007,statsmodel_matrix,14.83
180000,25,1.3863,statsmodel_matrix,15.27
190000,25,1.29,statsmodel_matrix,18.54
200000,25,1.3157,statsmodel_matrix,19.31
210000,25,1.3617,statsmodel_matrix,20.41
220000,25,1.5063,statsmodel_matrix,19.29
230000,25,1.4337,statsmodel_matrix,19.29
240000,25,1.5373,statsmodel_matrix,23.77
250000,25,1.5897,statsmodel_matrix,23.26
260000,25,1.676,statsmodel_matrix,24.93
270000,25,1.7877,statsmodel_matrix,24.15
280000,25,1.7207,statsmodel_matrix,24.84
290000,25,1.8003,statsmodel_matrix,28.92
300000,25,2.0137,statsmodel_matrix,30.12
310000,25,1.8597,statsmodel_matrix,30.76
320000,25,2.027,statsmodel_matrix,31.35
330000,25,2.3373,statsmodel_matrix,32.88
340000,25,2.3847,statsmodel_matrix,31.54
350000,25,2.3623,statsmodel_matrix,36.66
360000,25,2.4787,statsmodel_matrix,37.00
370000,25,2.333,statsmodel_matrix,37.20
380000,25,2.4387,statsmodel_matrix,36.01
390000,25,2.5783,statsmodel_matrix,38.39
400000,25,2.4473,statsmodel_matrix,39.68
410000,25,2.593,statsmodel_matrix,39.71
420000,25,2.6443,statsmodel_matrix,39.71
430000,25,2.8103,statsmodel_matrix,39.57
440000,25,2.935,statsmodel_matrix,40.26
450000,25,2.9857,statsmodel_matrix,40.41
460000,25,3.1347,statsmodel_matrix,45.49
470000,25,3.14,statsmodel_matrix,45.29
480000,25,3.1527,statsmodel_matrix,45.15
490000,25,3.413,statsmodel_matrix,46.55
500000,25,3.3757,statsmodel_matrix,48.43
510000,25,3.2713,statsmodel_matrix,48.62
520000,25,3.5277,statsmodel_matrix,52.89
530000,25,3.4417,statsmodel_matrix,50.40
540000,25,3.6927,statsmodel_matrix,53.20
550000,25,3.7267,statsmodel_matrix,51.47
560000,25,3.981,statsmodel_matrix,55.01
570000,25,4.3747,statsmodel_matrix,56.65
580000,25,3.9973,statsmodel_matrix,56.04
590000,25,4.1537,statsmodel_matrix,56.16
600000,25,4.081,statsmodel_matrix,57.99
610000,25,4.1657,statsmodel_matrix,56.97
620000,25,4.536,statsmodel_matrix,56.57
630000,25,4.424,statsmodel_matrix,61.36
640000,25,4.623,statsmodel_matrix,66.78
650000,25,4.456,statsmodel_matrix,65.63
660000,25,4.7917,statsmodel_matrix,59.80
670000,25,5.051,statsmodel_matrix,65.61
680000,25,4.2223,statsmodel_matrix,65.68
690000,25,4.858,statsmodel_matrix,67.53
700000,25,4.8617,statsmodel_matrix,66.58
710000,25,5.281,statsmodel_matrix,68.98
720000,25,5.3653,statsmodel_matrix,69.62
730000,25,5.3463,statsmodel_matrix,70.51
740000,25,5.321,statsmodel_matrix,71.05
750000,25,6.034,statsmodel_matrix,71.50
760000,25,5.794,statsmodel_matrix,71.83
770000,25,5.9537,statsmodel_matrix,78.54
780000,25,4.794,statsmodel_matrix,73.20
790000,25,5.97,statsmodel_matrix,75.18
800000,25,5.624,statsmodel_matrix,76.82
810000,25,5.8547,statsmodel_matrix,83.75
820000,25,6.1637,statsmodel_matrix,80.24
830000,25,6.292,statsmodel_matrix,83.59
840000,25,6.5957,statsmodel_matrix,80.07
850000,25,5.8183,statsmodel_matrix,82.29
860000,25,6.3903,statsmodel_matrix,82.29
870000,25,6.0907,statsmodel_matrix,82.54
880000,25,6.0743,statsmodel_matrix,82.86
890000,25,6.5977,statsmodel_matrix,86.69
900000,25,6.3637,statsmodel_matrix,90.20
910000,25,6.2157,statsmodel_matrix,92.85
920000,25,6.704,statsmodel_matrix,89.76
930000,25,6.8563,statsmodel_matrix,91.91
940000,25,7.075,statsmodel_matrix,95.22
950000,25,6.8043,statsmodel_matrix,96.05
960000,25,6.9887,statsmodel_matrix,100.91
970000,25,6.773,statsmodel_matrix,93.91
980000,25,7.3623,statsmodel_matrix,96.70
990000,25,7.23,statsmodel_matrix,98.08
10000,1000,6.309,statsmodel_formula,0.68
20000,1000,6.7234,statsmodel_formula,0.44
30000,1000,7.094,statsmodel_formula,1.25
40000,1000,7.4371,statsmodel_formula,1.94
50000,1000,7.4451,statsmodel_formula,0.86
60000,1000,7.3874,statsmodel_formula,2.18
70000,1000,7.5501,statsmodel_formula,5.99
80000,1000,7.2155,statsmodel_formula,7.17
90000,1000,7.6049,statsmodel_formula,7.35
100000,1000,8.986,statsmodel_formula,7.67
110000,1000,9.2258,statsmodel_formula,0.00
120000,1000,9.8611,statsmodel_formula,8.41
130000,1000,10.4581,statsmodel_formula,9.45
140000,1000,10.6816,statsmodel_formula,8.79
150000,1000,11.1945,statsmodel_formula,15.34
160000,1000,11.2031,statsmodel_formula,15.23
170000,1000,11.6987,statsmodel_formula,16.26
180000,1000,12.6504,statsmodel_formula,16.26
190000,1000,11.9789,statsmodel_formula,17.24
200000,1000,12.562,statsmodel_formula,17.39
210000,1000,12.7217,statsmodel_formula,17.95
220000,1000,13.009,statsmodel_formula,19.25
230000,1000,12.8356,statsmodel_formula,19.22
240000,1000,13.8027,statsmodel_formula,19.77
250000,1000,13.7112,statsmodel_formula,27.07
260000,1000,14.0206,statsmodel_formula,27.33
270000,1000,13.6535,statsmodel_formula,29.42
280000,1000,13.7508,statsmodel_formula,28.95
290000,1000,13.3421,statsmodel_formula,29.66
300000,1000,13.5072,statsmodel_formula,30.27
310000,1000,13.9269,statsmodel_formula,30.62
320000,1000,14.7763,statsmodel_formula,30.75
330000,1000,13.97,statsmodel_formula,31.51
340000,1000,14.21,statsmodel_formula,31.48
350000,1000,14.6737,statsmodel_formula,33.23
360000,1000,14.1578,statsmodel_formula,33.54
370000,1000,14.7409,statsmodel_formula,33.51
380000,1000,14.787,statsmodel_formula,35.09
390000,1000,14.9143,statsmodel_formula,42.18
400000,1000,15.7929,statsmodel_formula,42.23
410000,1000,15.802,statsmodel_formula,43.83
420000,1000,15.82,statsmodel_formula,44.00
430000,1000,15.8173,statsmodel_formula,45.55
440000,1000,14.7359,statsmodel_formula,45.50
450000,1000,15.8845,statsmodel_formula,45.44
460000,1000,15.1921,statsmodel_formula,47.37
470000,1000,17.137,statsmodel_formula,47.57
480000,1000,15.7181,statsmodel_formula,49.15
490000,1000,16.0278,statsmodel_formula,49.11
500000,1000,16.4149,statsmodel_formula,55.71
510000,1000,17.2475,statsmodel_formula,57.16
520000,1000,17.6675,statsmodel_formula,57.87
530000,1000,18.9261,statsmodel_formula,58.49
540000,1000,17.4939,statsmodel_formula,58.64
550000,1000,17.426,statsmodel_formula,60.55
560000,1000,17.6948,statsmodel_formula,60.18
570000,1000,18.59,statsmodel_formula,61.32
580000,1000,18.1415,statsmodel_formula,61.68
590000,1000,16.3836,statsmodel_formula,62.32
600000,1000,16.6894,statsmodel_formula,63.36
610000,1000,16.8623,statsmodel_formula,64.12
620000,1000,16.0707,statsmodel_formula,66.79
630000,1000,16.2966,statsmodel_formula,71.50
640000,1000,16.5624,statsmodel_formula,67.30
650000,1000,17.337,statsmodel_formula,72.76
660000,1000,16.3766,statsmodel_formula,73.51
670000,1000,16.3646,statsmodel_formula,74.49
680000,1000,15.659,statsmodel_formula,72.79
690000,1000,19.3943,statsmodel_formula,77.84
700000,1000,18.9561,statsmodel_formula,78.16
710000,1000,19.6887,statsmodel_formula,78.15
720000,1000,18.8541,statsmodel_formula,80.82
730000,1000,19.3369,statsmodel_formula,82.27
740000,1000,19.4628,statsmodel_formula,83.60
750000,1000,19.5277,statsmodel_formula,83.47
760000,1000,19.7736,statsmodel_formula,84.74
770000,1000,20.0734,statsmodel_formula,85.53
780000,1000,19.8516,statsmodel_formula,86.07
790000,1000,19.8975,statsmodel_formula,86.61
800000,1000,21.3047,statsmodel_formula,87.91
810000,1000,20.9679,statsmodel_formula,88.25
820000,1000,20.6841,statsmodel_formula,89.00
830000,1000,20.0624,statsmodel_formula,89.51
840000,1000,19.6527,statsmodel_formula,90.39
850000,1000,23.8113,statsmodel_formula,91.25
860000,1000,21.3857,statsmodel_formula,91.93
870000,1000,21.5026,statsmodel_formula,93.05
880000,1000,21.9693,statsmodel_formula,93.86
890000,1000,22.3481,statsmodel_formula,101.40
900000,1000,21.0968,statsmodel_formula,102.26
910000,1000,22.1722,statsmodel_formula,102.95
920000,1000,24.6664,statsmodel_formula,103.86
930000,1000,22.4371,statsmodel_formula,104.95
940000,1000,20.4002,statsmodel_formula,105.64
950000,1000,21.2048,statsmodel_formula,107.30
960000,1000,20.3333,statsmodel_formula,107.71
970000,1000,20.6341,statsmodel_formula,108.17
980000,1000,24.0801,statsmodel_formula,108.89
990000,1000,23.3226,statsmodel_formula,109.93
1000000,1000,18.0316,statsmodel_formula,111.20
10000,1000,6.3434,statsmodel_matrix,0.81
20000,1000,6.652,statsmodel_matrix,0.50
30000,1000,6.9068,statsmodel_matrix,0.99
40000,1000,7.2648,statsmodel_matrix,0.91
50000,1000,7.11,statsmodel_matrix,0.11
60000,1000,7.5557,statsmodel_matrix,0.87
70000,1000,8.3664,statsmodel_matrix,0.27
80000,1000,7.2203,statsmodel_matrix,0.19
90000,1000,7.598,statsmodel_matrix,0.07
100000,1000,9.6185,statsmodel_matrix,0.08
110000,1000,9.387,statsmodel_matrix,0.27
120000,1000,9.8292,statsmodel_matrix,0.05
130000,1000,10.436,statsmodel_matrix,1.01
140000,1000,11.0897,statsmodel_matrix,3.21
150000,1000,10.9772,statsmodel_matrix,3.44
160000,1000,11.0128,statsmodel_matrix,4.04
170000,1000,12.7404,statsmodel_matrix,3.91
180000,1000,12.3272,statsmodel_matrix,4.12
190000,1000,13.221,statsmodel_matrix,4.57
200000,1000,12.7904,statsmodel_matrix,4.59
210000,1000,12.563,statsmodel_matrix,4.80
220000,1000,12.975,statsmodel_matrix,5.05
230000,1000,12.5192,statsmodel_matrix,5.27
240000,1000,13.797,statsmodel_matrix,5.50
250000,1000,14.6539,statsmodel_matrix,5.72
260000,1000,13.8478,statsmodel_matrix,5.95
270000,1000,14.129,statsmodel_matrix,6.14
280000,1000,14.8009,statsmodel_matrix,6.38
290000,1000,14.2948,statsmodel_matrix,6.76
300000,1000,13.3969,statsmodel_matrix,6.84
310000,1000,14.1649,statsmodel_matrix,7.09
320000,1000,13.713,statsmodel_matrix,7.30
330000,1000,14.0947,statsmodel_matrix,7.52
340000,1000,14.45,statsmodel_matrix,7.76
350000,1000,15.1107,statsmodel_matrix,7.99
360000,1000,14.2592,statsmodel_matrix,8.19
370000,1000,15.039,statsmodel_matrix,8.44
380000,1000,14.3029,statsmodel_matrix,8.67
390000,1000,15.6303,statsmodel_matrix,8.90
400000,1000,15.2421,statsmodel_matrix,9.12
410000,1000,15.1484,statsmodel_matrix,9.35
420000,1000,15.0367,statsmodel_matrix,9.76
430000,1000,14.7509,statsmodel_matrix,11.55
440000,1000,15.4471,statsmodel_matrix,11.44
450000,1000,14.967,statsmodel_matrix,10.41
460000,1000,15.4731,statsmodel_matrix,11.41
470000,1000,16.3231,statsmodel_matrix,12.79
480000,1000,15.9817,statsmodel_matrix,13.87
490000,1000,15.991,statsmodel_matrix,16.72
500000,1000,16.3398,statsmodel_matrix,17.43
510000,1000,16.8743,statsmodel_matrix,19.64
520000,1000,19.8192,statsmodel_matrix,22.16
530000,1000,18.0606,statsmodel_matrix,23.16
540000,1000,17.343,statsmodel_matrix,24.52
550000,1000,18.4017,statsmodel_matrix,23.55
560000,1000,17.938,statsmodel_matrix,25.91
570000,1000,18.3654,statsmodel_matrix,26.86
580000,1000,16.0989,statsmodel_matrix,25.19
590000,1000,16.7743,statsmodel_matrix,26.12
600000,1000,17.377,statsmodel_matrix,28.42
610000,1000,16.0418,statsmodel_matrix,28.21
620000,1000,16.4285,statsmodel_matrix,30.53
630000,1000,16.1667,statsmodel_matrix,28.60
640000,1000,17.8477,statsmodel_matrix,52.21
650000,1000,16.4245,statsmodel_matrix,29.66
660000,1000,16.6684,statsmodel_matrix,31.17
670000,1000,16.5675,statsmodel_matrix,52.09
680000,1000,17.2321,statsmodel_matrix,48.96
690000,1000,18.7522,statsmodel_matrix,26.66
700000,1000,18.7032,statsmodel_matrix,53.01
710000,1000,18.8801,statsmodel_matrix,52.41
720000,1000,19.7836,statsmodel_matrix,52.81
730000,1000,19.5008,statsmodel_matrix,52.67
740000,1000,19.2699,statsmodel_matrix,53.00
750000,1000,18.9531,statsmodel_matrix,52.77
760000,1000,20.4342,statsmodel_matrix,54.57
770000,1000,19.8915,statsmodel_matrix,53.90
780000,1000,19.6637,statsmodel_matrix,55.38
790000,1000,19.3808,statsmodel_matrix,53.92
800000,1000,22.4281,statsmodel_matrix,55.65
810000,1000,20.9739,statsmodel_matrix,55.74
820000,1000,20.7051,statsmodel_matrix,55.00
830000,1000,19.7706,statsmodel_matrix,66.83
840000,1000,20.6381,statsmodel_matrix,67.71
850000,1000,25.1405,statsmodel_matrix,64.20
860000,1000,20.899,statsmodel_matrix,64.74
870000,1000,21.1128,statsmodel_matrix,69.29
880000,1000,22.7749,statsmodel_matrix,65.83
890000,1000,21.4386,statsmodel_matrix,69.50
900000,1000,21.4376,statsmodel_matrix,67.83
910000,1000,21.5836,statsmodel_matrix,66.39
920000,1000,23.0995,statsmodel_matrix,67.21
930000,1000,20.2144,statsmodel_matrix,70.61
940000,1000,20.3313,statsmodel_matrix,70.06
950000,1000,20.747,statsmodel_matrix,69.23
960000,1000,20.6231,statsmodel_matrix,69.24
970000,1000,22.4471,statsmodel_matrix,71.32
980000,1000,23.2953,statsmodel_matrix,72.25
990000,1000,20.1634,statsmodel_matrix,73.02
1000000,1000,18.1905,statsmodel_matrix,82.73
10000,1000,0.1468,lme4,15.3048
20000,1000,0.1662,lme4,29.7499
30000,1000,0.2858,lme4,42.9701
40000,1000,0.3628,lme4,58.5508
50000,1000,0.4914,lme4,71.697
60000,1000,0.6304,lme4,84.829
70000,1000,0.7159,lme4,102.6765
80000,1000,0.6546,lme4,115.8065
90000,1000,0.9704,lme4,128.9368
100000,1000,0.9408,lme4,142.0666
110000,1000,1.1283,lme4,155.1967
120000,1000,1.164,lme4,168.3266
130000,1000,1.3152,lme4,181.4565
140000,1000,1.3892,lme4,204.0237
150000,1000,1.4645,lme4,217.1538
160000,1000,1.4415,lme4,230.2837
170000,1000,1.6661,lme4,243.4137
180000,1000,1.6874,lme4,256.5439
190000,1000,1.8059,lme4,269.6737
200000,1000,1.8733,lme4,282.8038
210000,1000,1.9952,lme4,295.9338
220000,1000,2.1351,lme4,309.0639
230000,1000,2.3237,lme4,322.1942
240000,1000,2.4313,lme4,335.3237
250000,1000,2.5985,lme4,348.4537
260000,1000,3.2108,lme4,361.584
270000,1000,2.9516,lme4,393.588
280000,1000,2.851,lme4,406.7181
290000,1000,2.932,lme4,419.8482
300000,1000,3.1479,lme4,432.9784
310000,1000,3.3374,lme4,446.1083
320000,1000,3.5166,lme4,459.2385
330000,1000,3.7045,lme4,472.3685
340000,1000,3.8211,lme4,485.4981
350000,1000,5.3966,lme4,498.6284
360000,1000,4.53,lme4,511.7586
370000,1000,4.1896,lme4,524.8886
380000,1000,4.2605,lme4,538.0179
390000,1000,4.5164,lme4,551.1483
400000,1000,4.7243,lme4,564.278
410000,1000,5.6281,lme4,577.4083
420000,1000,5.0607,lme4,590.5384
430000,1000,5.7037,lme4,603.6683
440000,1000,5.8873,lme4,616.7983
450000,1000,6.2098,lme4,629.9283
460000,1000,6.6212,lme4,643.0586
470000,1000,7.2475,lme4,656.1883
480000,1000,7.3614,lme4,669.3181
490000,1000,7.5597,lme4,682.4482
500000,1000,7.5553,lme4,695.5786
510000,1000,7.9138,lme4,708.7081
520000,1000,8.0774,lme4,721.8385
530000,1000,8.9852,lme4,772.7169
540000,1000,9.1631,lme4,785.847
550000,1000,9.8716,lme4,798.9768
560000,1000,9.974,lme4,813.854
570000,1000,9.7091,lme4,825.2372
580000,1000,10.448,lme4,838.367
590000,1000,9.1098,lme4,851.4972
600000,1000,9.6947,lme4,864.6271
610000,1000,9.9366,lme4,877.757
620000,1000,10.7948,lme4,890.887
630000,1000,10.7258,lme4,904.0169
640000,1000,11.8079,lme4,917.1471
650000,1000,11.1232,lme4,930.2772
660000,1000,12.0039,lme4,943.407
670000,1000,11.636,lme4,956.5368
680000,1000,10.8644,lme4,922.3979
690000,1000,11.7609,lme4,982.7973
700000,1000,12.0627,lme4,995.9269
710000,1000,12.9416,lme4,1009.0571
720000,1000,13.5955,lme4,1022.1868
730000,1000,12.8753,lme4,1035.3168
740000,1000,13.3106,lme4,1048.447
750000,1000,13.6145,lme4,1061.5771
760000,1000,14.5533,lme4,1074.707
770000,1000,15.8123,lme4,1087.8371
780000,1000,16.2966,lme4,1100.967
790000,1000,16.3166,lme4,1114.0969
800000,1000,15.807,lme4,1127.2269
810000,1000,16.5756,lme4,1140.3568
820000,1000,16.2933,lme4,1153.487
830000,1000,16.2598,lme4,1166.6167
840000,1000,15.6985,lme4,1179.7473
850000,1000,18.4952,lme4,1192.8768
860000,1000,16.4332,lme4,1206.0068
870000,1000,16.0424,lme4,1219.1368
880000,1000,17.4464,lme4,1232.267
890000,1000,17.9736,lme4,1245.3967
900000,1000,18.1195,lme4,1258.527
910000,1000,18.5732,lme4,1271.6571
920000,1000,18.4318,lme4,1284.7874
930000,1000,18.2868,lme4,1297.917
940000,1000,18.0929,lme4,1311.0472
950000,1000,17.9563,lme4,1324.1771
960000,1000,18.4824,lme4,1337.3069
970000,1000,20.2571,lme4,1350.4372
980000,1000,19.8301,lme4,1363.5671
990000,1000,18.5129,lme4,1376.697
1000000,1000,20.3826,lme4,1389.8273
10000,1000,0.2302,nlme,19.9764
20000,1000,0.2369,nlme,35.9334
30000,1000,0.3621,nlme,52.1154
40000,1000,0.4148,nlme,67.2918
50000,1000,0.582,nlme,81.807
60000,1000,0.6893,nlme,95.9518
70000,1000,0.8735,nlme,116.2341
80000,1000,0.8812,nlme,130.3789
90000,1000,1.0501,nlme,145.0793
100000,1000,1.2306,nlme,159.0389
110000,1000,1.3212,nlme,173.3689
120000,1000,1.4522,nlme,187.6989
130000,1000,1.6251,nlme,202.0289
140000,1000,1.5405,nlme,227.8933
150000,1000,1.6071,nlme,242.2233
160000,1000,1.8683,nlme,256.5533
170000,1000,1.9219,nlme,270.8833
180000,1000,2.0745,nlme,285.2133
190000,1000,2.2494,nlme,299.5435
200000,1000,2.328,nlme,316.0957
210000,1000,2.5155,nlme,328.2033
220000,1000,2.7441,nlme,344.3853
230000,1000,2.7624,nlme,357.2337
240000,1000,3.0379,nlme,371.1935
250000,1000,3.2202,nlme,385.5233
260000,1000,3.422,nlme,400.0385
270000,1000,3.1985,nlme,437.2522
280000,1000,3.2558,nlme,453.0638
290000,1000,3.2468,nlme,466.0974
300000,1000,3.5766,nlme,480.2422
310000,1000,3.9494,nlme,494.9423
320000,1000,3.6136,nlme,508.7167
330000,1000,4.0663,nlme,531.8058
340000,1000,4.0613,nlme,538.1178
350000,1000,4.7119,nlme,551.8919
360000,1000,4.4498,nlme,568.0739
370000,1000,4.0327,nlme,580.5519
380000,1000,4.2172,nlme,594.8822
390000,1000,4.4021,nlme,610.3231
400000,1000,4.5267,nlme,623.5422
410000,1000,4.7123,nlme,638.0574
420000,1000,4.6733,nlme,652.0167
430000,1000,5.2133,nlme,666.3467
440000,1000,5.202,nlme,681.7879
450000,1000,5.2793,nlme,695.1919
460000,1000,5.5355,nlme,709.5219
470000,1000,5.6601,nlme,724.9631
480000,1000,6.2727,nlme,738.1822
490000,1000,6.1871,nlme,752.6974
500000,1000,6.0965,nlme,767.0271
510000,1000,6.403,nlme,780.987
520000,1000,7.1139,nlme,795.3167
530000,1000,7.0599,nlme,857.7162
540000,1000,6.6622,nlme,870.2995
550000,1000,7.4061,nlme,884.6293
560000,1000,7.0989,nlme,898.9593
570000,1000,7.2348,nlme,914.4005
580000,1000,7.1795,nlme,927.6193
590000,1000,6.8704,nlme,941.9493
600000,1000,7.0036,nlme,957.7609
610000,1000,8.1771,nlme,970.6093
620000,1000,7.6859,nlme,984.7543
630000,1000,7.5973,nlme,999.6399
640000,1000,7.7205,nlme,1013.4141
650000,1000,7.9588,nlme,1027.7441
660000,1000,8.1127,nlme,1042.2595
670000,1000,7.9658,nlme,1056.4043
680000,1000,8.2612,nlme,1019.1452
690000,1000,8.5258,nlme,1085.0641
700000,1000,8.6414,nlme,1099.5795
710000,1000,8.8919,nlme,1113.9093
720000,1000,9.1171,nlme,1128.2393
730000,1000,8.7383,nlme,1159.3468
740000,1000,8.9222,nlme,1158.3809
750000,1000,9.4096,nlme,1171.0443
760000,1000,10.3454,nlme,1185.9297
770000,1000,10.4971,nlme,1199.7041
780000,1000,10.9491,nlme,1215.5157
790000,1000,9.7377,nlme,1228.5493
800000,1000,11.1494,nlme,1242.8795
810000,1000,10.1885,nlme,1257.2095
820000,1000,11.4838,nlme,1272.4655
830000,1000,12.1966,nlme,1285.6843
840000,1000,12.0561,nlme,1300.0141
850000,1000,11.4061,nlme,1314.3443
860000,1000,10.5253,nlme,1328.8595
870000,1000,11.6608,nlme,1343.1895
880000,1000,11.3287,nlme,1357.5193
890000,1000,11.3964,nlme,1373.5163
900000,1000,11.9042,nlme,1385.9943
910000,1000,11.9197,nlme,1400.3241
920000,1000,12.3148,nlme,1414.8393
930000,1000,12.5331,nlme,1428.9841
940000,1000,11.4957,nlme,1443.4993
950000,1000,11.7092,nlme,1457.6441
960000,1000,11.634,nlme,1472.1593
970000,1000,12.4964,nlme,1486.3041
980000,1000,12.5715,nlme,1500.6341
990000,1000,13.9156,nlme,1515.1493
1000000,1000,13.8378,nlme,1529.2941
10000,1000,1.4905,mgcv,9.0429
20000,1000,1.4968,mgcv,23.4213
30000,1000,1.5404,mgcv,33.1569
40000,1000,1.5898,mgcv,43.3819
50000,1000,1.5884,mgcv,53.0823
60000,1000,1.693,mgcv,62.7826
70000,1000,1.5991,mgcv,73.5316
80000,1000,1.818,mgcv,83.232
90000,1000,1.664,mgcv,92.9323
100000,1000,1.762,mgcv,102.668
110000,1000,1.6977,mgcv,112.3682
120000,1000,1.778,mgcv,122.0688
130000,1000,1.8126,mgcv,131.7692
140000,1000,1.7613,mgcv,143.5668
150000,1000,1.763,mgcv,153.2671
160000,1000,1.8176,mgcv,162.9674
170000,1000,1.8516,mgcv,172.6687
180000,1000,1.8556,mgcv,182.3689
190000,1000,1.9112,mgcv,192.0691
200000,1000,1.8882,mgcv,201.7698
210000,1000,2.0148,mgcv,211.4703
220000,1000,2.0745,mgcv,221.1704
230000,1000,2.0518,mgcv,230.8706
240000,1000,2.1508,mgcv,240.5711
250000,1000,2.1621,mgcv,250.2717
260000,1000,2.1378,mgcv,259.9719
270000,1000,2.0531,mgcv,273.8667
280000,1000,2.0202,mgcv,283.567
290000,1000,2.0648,mgcv,293.2674
300000,1000,2.1025,mgcv,302.9679
310000,1000,2.2431,mgcv,312.6686
320000,1000,2.3047,mgcv,322.3686
330000,1000,2.2044,mgcv,332.0693
340000,1000,2.4582,mgcv,341.8051
350000,1000,2.5162,mgcv,351.5055
360000,1000,2.2447,mgcv,361.2059
370000,1000,2.381,mgcv,370.9064
380000,1000,2.2657,mgcv,380.6068
390000,1000,2.2793,mgcv,390.307
400000,1000,2.361,mgcv,400.0076
410000,1000,2.349,mgcv,409.7081
420000,1000,2.3803,mgcv,419.4083
430000,1000,2.5315,mgcv,429.1086
440000,1000,2.4209,mgcv,438.8093
450000,1000,2.5049,mgcv,448.5097
460000,1000,2.5212,mgcv,458.21
470000,1000,2.7214,mgcv,467.9102
480000,1000,2.7075,mgcv,477.6109
490000,1000,2.7221,mgcv,487.311
500000,1000,2.6301,mgcv,497.0115
510000,1000,2.857,mgcv,506.7122
520000,1000,2.998,mgcv,516.4124
530000,1000,2.7571,mgcv,534.5013
540000,1000,2.9287,mgcv,544.2019
550000,1000,2.8574,mgcv,553.9024
560000,1000,2.8923,mgcv,563.603
570000,1000,2.882,mgcv,573.3031
580000,1000,2.7994,mgcv,583.0035
590000,1000,2.7561,mgcv,592.7041
600000,1000,2.7261,mgcv,602.4042
610000,1000,3.0309,mgcv,612.1047
620000,1000,3.0316,mgcv,621.805
630000,1000,3.6049,mgcv,631.5055
640000,1000,3.0589,mgcv,641.2062
650000,1000,3.0253,mgcv,650.9064
660000,1000,2.9346,mgcv,660.6069
670000,1000,3.1235,mgcv,670.307
680000,1000,3.0083,mgcv,645.0699
690000,1000,2.9793,mgcv,689.708
700000,1000,3.0996,mgcv,699.4086
710000,1000,3.5753,mgcv,709.1087
720000,1000,3.2818,mgcv,718.8092
730000,1000,3.3243,mgcv,728.5099
740000,1000,3.2108,mgcv,738.2103
750000,1000,3.2235,mgcv,747.9105
760000,1000,3.7656,mgcv,757.6109
770000,1000,3.5783,mgcv,767.3112
780000,1000,3.7836,mgcv,777.012
790000,1000,3.9989,mgcv,786.7121
800000,1000,3.8835,mgcv,796.4123
810000,1000,3.4726,mgcv,806.1126
820000,1000,3.8699,mgcv,815.8134
830000,1000,3.8746,mgcv,825.5137
840000,1000,3.7923,mgcv,835.2145
850000,1000,4.2757,mgcv,844.9147
860000,1000,3.5213,mgcv,854.6154
870000,1000,3.7199,mgcv,864.3153
880000,1000,3.9069,mgcv,874.0158
890000,1000,4.0509,mgcv,883.7164
900000,1000,3.8026,mgcv,893.4164
910000,1000,3.9753,mgcv,903.1172
920000,1000,4.2069,mgcv,912.8177
930000,1000,4.1946,mgcv,922.5178
940000,1000,3.6959,mgcv,932.2185
950000,1000,3.7105,mgcv,941.9189
960000,1000,4.1786,mgcv,951.6192
970000,1000,4.3726,mgcv,961.3194
980000,1000,3.9743,mgcv,971.0202
990000,1000,4.2164,mgcv,980.7205
1000000,1000,4.2521,mgcv,990.4206
20000,10000,47.8216,statsmodel_formula,11.17
30000,10000,57.9666,statsmodel_formula,8.69
40000,10000,59.9025,statsmodel_formula,11.63
50000,10000,61.078,statsmodel_formula,10.94
60000,10000,60.4863,statsmodel_formula,10.78
70000,10000,61.2941,statsmodel_formula,14.96
80000,10000,64.8333,statsmodel_formula,15.29
90000,10000,64.5394,statsmodel_formula,16.27
100000,10000,66.6125,statsmodel_formula,17.11
110000,10000,66.7238,statsmodel_formula,17.54
120000,10000,71.2034,statsmodel_formula,18.25
130000,10000,74.8419,statsmodel_formula,20.10
140000,10000,71.7358,statsmodel_formula,21.05
150000,10000,69.3297,statsmodel_formula,21.64
160000,10000,70.3562,statsmodel_formula,21.07
170000,10000,71.9662,statsmodel_formula,20.60
180000,10000,70.7182,statsmodel_formula,18.77
190000,10000,68.8216,statsmodel_formula,22.45
200000,10000,66.6766,statsmodel_formula,19.68
210000,10000,69.168,statsmodel_formula,19.74
220000,10000,65.2247,statsmodel_formula,21.43
230000,10000,65.5215,statsmodel_formula,26.27
240000,10000,67.93,statsmodel_formula,27.07
250000,10000,67.1588,statsmodel_formula,22.79
260000,10000,68.7368,statsmodel_formula,22.59
270000,10000,73.0299,statsmodel_formula,26.54
280000,10000,79.3773,statsmodel_formula,26.93
290000,10000,74.2092,statsmodel_formula,28.02
300000,10000,71.4218,statsmodel_formula,27.68
310000,10000,72.8809,statsmodel_formula,28.81
320000,10000,68.7927,statsmodel_formula,29.30
330000,10000,73.2666,statsmodel_formula,31.60
340000,10000,69.1416,statsmodel_formula,31.08
350000,10000,75.6207,statsmodel_formula,32.15
360000,10000,72.1917,statsmodel_formula,30.52
370000,10000,73.6142,statsmodel_formula,34.01
380000,10000,74.5968,statsmodel_formula,34.85
390000,10000,74.6616,statsmodel_formula,32.66
400000,10000,70.9801,statsmodel_formula,36.10
410000,10000,69.2636,statsmodel_formula,36.23
420000,10000,75.5476,statsmodel_formula,37.66
430000,10000,72.7437,statsmodel_formula,36.49
440000,10000,75.1736,statsmodel_formula,37.66
450000,10000,75.0299,statsmodel_formula,39.30
460000,10000,73.6826,statsmodel_formula,39.04
470000,10000,72.3916,statsmodel_formula,39.43
480000,10000,72.7185,statsmodel_formula,38.75
490000,10000,78.9561,statsmodel_formula,41.41
500000,10000,73.0535,statsmodel_formula,41.55
510000,10000,71.0098,statsmodel_formula,47.60
520000,10000,71.288,statsmodel_formula,46.20
530000,10000,77.8908,statsmodel_formula,46.00
540000,10000,76.0378,statsmodel_formula,47.07
550000,10000,72.9158,statsmodel_formula,47.02
560000,10000,74.6629,statsmodel_formula,47.58
570000,10000,84.2162,statsmodel_formula,46.74
580000,10000,72.4126,statsmodel_formula,52.11
590000,10000,75.0599,statsmodel_formula,52.61
600000,10000,74.2041,statsmodel_formula,52.66
610000,10000,77.7807,statsmodel_formula,53.79
620000,10000,87.1407,statsmodel_formula,53.07
630000,10000,81.2185,statsmodel_formula,55.37
640000,10000,71.4144,statsmodel_formula,57.55
650000,10000,71.9682,statsmodel_formula,60.93
660000,10000,70.532,statsmodel_formula,67.56
670000,10000,73.0147,statsmodel_formula,63.09
680000,10000,72.9794,statsmodel_formula,63.44
690000,10000,71.8427,statsmodel_formula,65.26
700000,10000,71.4921,statsmodel_formula,64.57
710000,10000,74.3391,statsmodel_formula,65.48
720000,10000,72.3549,statsmodel_formula,68.93
730000,10000,78.7506,statsmodel_formula,44.79
740000,10000,76.9966,statsmodel_formula,74.24
750000,10000,73.3543,statsmodel_formula,73.85
760000,10000,71.3189,statsmodel_formula,74.82
770000,10000,69.348,statsmodel_formula,76.26
780000,10000,72.5666,statsmodel_formula,77.26
790000,10000,70.2261,statsmodel_formula,51.48
800000,10000,70.4706,statsmodel_formula,51.48
810000,10000,74.8174,statsmodel_formula,80.18
820000,10000,71.7377,statsmodel_formula,56.30
830000,10000,70.4254,statsmodel_formula,51.72
840000,10000,71.1111,statsmodel_formula,90.65
850000,10000,70.7584,statsmodel_formula,54.97
860000,10000,72.5922,statsmodel_formula,59.89
870000,10000,70.3869,statsmodel_formula,59.27
880000,10000,69.7039,statsmodel_formula,54.30
890000,10000,78.572,statsmodel_formula,58.23
900000,10000,72.4855,statsmodel_formula,56.17
910000,10000,83.1293,statsmodel_formula,60.32
920000,10000,86.9342,statsmodel_formula,57.98
930000,10000,82.9432,statsmodel_formula,94.36
940000,10000,89.4339,statsmodel_formula,58.14
950000,10000,97.8899,statsmodel_formula,59.20
960000,10000,85.022,statsmodel_formula,59.40
970000,10000,86.0889,statsmodel_formula,59.90
980000,10000,94.978,statsmodel_formula,39.64
990000,10000,106.2931,statsmodel_formula,108.86
1000000,10000,100.4634,statsmodel_formula,67.27
20000,10000,47.7489,statsmodel_matrix,2.55
30000,10000,58.5168,statsmodel_matrix,0.38
40000,10000,59.5057,statsmodel_matrix,0.85
50000,10000,60.8037,statsmodel_matrix,0.01
60000,10000,62.2275,statsmodel_matrix,1.11
70000,10000,60.3222,statsmodel_matrix,4.04
80000,10000,64.2832,statsmodel_matrix,4.36
90000,10000,64.3887,statsmodel_matrix,4.72
100000,10000,66.5856,statsmodel_matrix,4.80
110000,10000,70.41,statsmodel_matrix,0.28
130000,10000,71.3906,statsmodel_matrix,4.58
140000,10000,68.6597,statsmodel_matrix,5.20
150000,10000,69.6371,statsmodel_matrix,3.87
160000,10000,69.7617,statsmodel_matrix,3.80
170000,10000,71.5561,statsmodel_matrix,3.99
180000,10000,72.2391,statsmodel_matrix,4.21
190000,10000,69.101,statsmodel_matrix,4.39
200000,10000,67.543,statsmodel_matrix,4.60
210000,10000,66.5417,statsmodel_matrix,4.83
220000,10000,65.6699,statsmodel_matrix,5.17
230000,10000,65.6278,statsmodel_matrix,5.45
240000,10000,66.5004,statsmodel_matrix,5.57
250000,10000,67.8695,statsmodel_matrix,5.88
260000,10000,67.2577,statsmodel_matrix,6.79
270000,10000,69.3477,statsmodel_matrix,7.03
280000,10000,72.1315,statsmodel_matrix,7.17
290000,10000,75.5519,statsmodel_matrix,7.52
300000,10000,74.3939,statsmodel_matrix,7.75
310000,10000,71.5164,statsmodel_matrix,8.18
320000,10000,72.3176,statsmodel_matrix,8.32
330000,10000,73.8751,statsmodel_matrix,8.61
340000,10000,72.342,statsmodel_matrix,14.25
350000,10000,69.2417,statsmodel_matrix,14.36
360000,10000,70.9907,statsmodel_matrix,14.73
370000,10000,74.7425,statsmodel_matrix,15.70
380000,10000,73.2625,statsmodel_matrix,15.66
390000,10000,75.3836,statsmodel_matrix,14.61
400000,10000,74.5295,statsmodel_matrix,15.01
410000,10000,67.4876,statsmodel_matrix,16.75
420000,10000,76.2534,statsmodel_matrix,15.91
430000,10000,74.0428,statsmodel_matrix,21.38
440000,10000,73.0418,statsmodel_matrix,21.09
450000,10000,76.1439,statsmodel_matrix,21.27
460000,10000,74.6298,statsmodel_matrix,21.98
470000,10000,72.8094,statsmodel_matrix,22.36
480000,10000,72.2868,statsmodel_matrix,22.18
490000,10000,72.3448,statsmodel_matrix,23.06
500000,10000,73.3831,statsmodel_matrix,23.90
510000,10000,71.122,statsmodel_matrix,27.07
520000,10000,70.9587,statsmodel_matrix,28.34
530000,10000,77.4984,statsmodel_matrix,27.98
540000,10000,79.2235,statsmodel_matrix,28.86
550000,10000,75.5202,statsmodel_matrix,30.17
560000,10000,75.4017,statsmodel_matrix,30.52
570000,10000,82.7006,statsmodel_matrix,29.95
580000,10000,79.9565,statsmodel_matrix,31.78
590000,10000,75.2349,statsmodel_matrix,32.23
600000,10000,73.5086,statsmodel_matrix,36.25
610000,10000,75.1134,statsmodel_matrix,34.01
620000,10000,75.8882,statsmodel_matrix,37.23
630000,10000,96.4917,statsmodel_matrix,39.27
640000,10000,76.3351,statsmodel_matrix,38.07
650000,10000,70.7537,statsmodel_matrix,40.02
660000,10000,71.693,statsmodel_matrix,41.28
670000,10000,71.0736,statsmodel_matrix,43.86
680000,10000,73.0894,statsmodel_matrix,44.89
690000,10000,72.4738,statsmodel_matrix,46.12
700000,10000,72.9176,statsmodel_matrix,48.06
710000,10000,73.5856,statsmodel_matrix,46.93
720000,10000,73.6052,statsmodel_matrix,46.89
730000,10000,74.7079,statsmodel_matrix,47.31
740000,10000,82.5964,statsmodel_matrix,53.09
750000,10000,71.206,statsmodel_matrix,49.17
760000,10000,73.6226,statsmodel_matrix,52.07
770000,10000,70.4894,statsmodel_matrix,54.60
780000,10000,71.5149,statsmodel_matrix,54.03
790000,10000,72.5252,statsmodel_matrix,57.00
800000,10000,75.282,statsmodel_matrix,56.89
810000,10000,75.6614,statsmodel_matrix,58.14
820000,10000,72.5544,statsmodel_matrix,57.50
830000,10000,71.8546,statsmodel_matrix,22.86
840000,10000,70.2938,statsmodel_matrix,24.20
850000,10000,71.613,statsmodel_matrix,23.26
860000,10000,73.0949,statsmodel_matrix,64.61
870000,10000,69.2511,statsmodel_matrix,25.92
880000,10000,69.6554,statsmodel_matrix,65.60
890000,10000,71.7586,statsmodel_matrix,25.24
900000,10000,77.6013,statsmodel_matrix,62.82
910000,10000,74.6644,statsmodel_matrix,29.23
920000,10000,81.736,statsmodel_matrix,70.08
930000,10000,81.7641,statsmodel_matrix,29.43
940000,10000,82.5184,statsmodel_matrix,69.89
950000,10000,88.4192,statsmodel_matrix,29.90
960000,10000,86.8599,statsmodel_matrix,71.14
970000,10000,84.0705,statsmodel_matrix,32.34
980000,10000,87.1503,statsmodel_matrix,73.32
990000,10000,100.694,statsmodel_matrix,27.88
1000000,10000,98.2095,statsmodel_matrix,28.17
20000,10000,102.3242,lme4,39.611
30000,10000,0.4304,lme4,53.3305
40000,10000,0.586,lme4,68.874
50000,10000,0.7237,lme4,81.9377
60000,10000,0.8344,lme4,94.8949
70000,10000,0.8612,lme4,112.5606
80000,10000,1.0489,lme4,125.5095
90000,10000,1.2312,lme4,138.4717
100000,10000,1.3955,lme4,151.4666
110000,10000,1.5947,lme4,164.5201
120000,10000,1.5355,lme4,177.6435
130000,10000,1.7237,lme4,190.793
140000,10000,1.7137,lme4,213.4908
150000,10000,2.0038,lme4,226.793
160000,10000,2.1426,lme4,240.1694
170000,10000,2.3378,lme4,253.5326
180000,10000,2.5357,lme4,266.8854
190000,10000,3.1037,lme4,280.2297
200000,10000,3.0991,lme4,293.5636
210000,10000,3.2667,lme4,306.8275
220000,10000,3.5184,lme4,320.0874
230000,10000,3.852,lme4,333.2922
240000,10000,4.3419,lme4,346.5169
250000,10000,4.1132,lme4,359.719
260000,10000,4.1284,lme4,372.9056
270000,10000,3.7606,lme4,404.9868
280000,10000,3.6961,lme4,418.1857
290000,10000,4.1502,lme4,431.4052
300000,10000,4.4828,lme4,444.6313
310000,10000,4.5433,lme4,457.8707
320000,10000,5.8264,lme4,471.103
330000,10000,5.5332,lme4,484.3401
340000,10000,6.6499,lme4,497.5854
350000,10000,5.8065,lme4,510.8129
360000,10000,7.2227,lme4,524.0378
370000,10000,6.5692,lme4,537.261
380000,10000,6.1134,lme4,550.4571
390000,10000,8.4371,lme4,563.6623
400000,10000,5.3135,lme4,576.8346
410000,10000,5.8863,lme4,590.0129
420000,10000,5.7973,lme4,603.1816
430000,10000,7.0655,lme4,616.3346
440000,10000,6.503,lme4,629.489
450000,10000,6.6569,lme4,642.6319
460000,10000,6.6209,lme4,655.779
470000,10000,8.3095,lme4,668.9186
480000,10000,8.0107,lme4,682.0534
490000,10000,9.1796,lme4,695.1914
500000,10000,9.5764,lme4,708.3241
510000,10000,9.3435,lme4,721.4564
520000,10000,9.3985,lme4,734.5888
530000,10000,9.2296,lme4,785.4663
540000,10000,9.7502,lme4,798.5978
550000,10000,10.995,lme4,811.7294
560000,10000,10.8597,lme4,824.8592
570000,10000,11.2978,lme4,837.9901
580000,10000,12.2572,lme4,851.1197
590000,10000,12.177,lme4,864.25
600000,10000,12.5631,lme4,877.3793
610000,10000,12.8519,lme4,890.5095
620000,10000,14.1761,lme4,903.6397
630000,10000,14.3083,lme4,916.7697
640000,10000,15.4733,lme4,929.8996
650000,10000,15.3346,lme4,943.0297
660000,10000,11.287,lme4,956.1597
670000,10000,11.2432,lme4,969.2898
680000,10000,11.5733,lme4,982.4198
690000,10000,13.6228,lme4,995.5499
700000,10000,13.4276,lme4,1008.6796
710000,10000,13.6146,lme4,1021.8097
720000,10000,14.1965,lme4,1034.9401
730000,10000,14.1762,lme4,1048.0698
740000,10000,14.4282,lme4,1061.1999
750000,10000,13.8645,lme4,1074.3299
760000,10000,13.5485,lme4,1087.4596
770000,10000,15.15,lme4,1100.5895
780000,10000,15.4972,lme4,1113.7199
790000,10000,17.1823,lme4,1126.8494
800000,10000,17.659,lme4,1139.98
810000,10000,18.5039,lme4,1153.1097
820000,10000,19.1793,lme4,1166.2395
830000,10000,17.7571,lme4,1179.3697
840000,10000,18.5893,lme4,1192.4996
850000,10000,18.5346,lme4,1205.6297
860000,10000,19.1276,lme4,1218.7599
870000,10000,13.9516,lme4,1231.8896
880000,10000,15.1153,lme4,1245.0198
890000,10000,14.5789,lme4,1258.1498
900000,10000,15.1522,lme4,1271.2803
910000,10000,14.9808,lme4,1284.4097
920000,10000,15.435,lme4,1297.54
930000,10000,14.9957,lme4,1310.6697
940000,10000,15.7605,lme4,1323.8
950000,10000,15.2563,lme4,1336.9299
960000,10000,15.999,lme4,1350.0604
970000,10000,15.9024,lme4,1363.1899
980000,10000,16.7328,lme4,1376.3204
990000,10000,17.4138,lme4,1389.4506
1000000,10000,17.6597,lme4,1402.5798
20000,10000,0.9405,nlme,69.8129
30000,10000,1.2123,nlme,87.8296
40000,10000,1.2995,nlme,108.0329
50000,10000,1.4816,nlme,123.0106
60000,10000,1.5156,nlme,137.4695
70000,10000,1.703,nlme,157.6329
80000,10000,2.1241,nlme,172.0073
90000,10000,2.0731,nlme,188.1919
100000,10000,2.0505,nlme,200.6809
110000,10000,2.3033,nlme,215.015
120000,10000,2.3666,nlme,229.345
130000,10000,2.5389,nlme,243.675
140000,10000,2.6178,nlme,273.2218
150000,10000,2.7167,nlme,282.0282
160000,10000,2.8064,nlme,298.1994
170000,10000,3.3372,nlme,321.7354
180000,10000,3.3157,nlme,326.8594
190000,10000,4.1727,nlme,354.0778
200000,10000,3.8369,nlme,355.5194
210000,10000,4.1073,nlme,369.8494
220000,10000,4.7691,nlme,404.4326
230000,10000,4.3463,nlme,400.3506
240000,10000,4.3033,nlme,414.6806
250000,10000,4.6722,nlme,427.1694
260000,10000,4.9589,nlme,441.4994
270000,10000,4.5368,nlme,489.9452
280000,10000,4.4944,nlme,493.228
290000,10000,4.5184,nlme,507.558
300000,10000,4.7927,nlme,521.888
310000,10000,5.0704,nlme,539.9004
320000,10000,5.515,nlme,570.8012
330000,10000,5.749,nlme,564.878
340000,10000,6.0675,nlme,581.0492
350000,10000,7.7743,nlme,613.7912
360000,10000,6.2905,nlme,607.868
370000,10000,5.8131,nlme,622.198
380000,10000,6.1443,nlme,636.528
390000,10000,7.6459,nlme,650.858
400000,10000,5.3962,nlme,665.188
410000,10000,6.2064,nlme,699.7712
420000,10000,6.1441,nlme,693.848
430000,10000,6.0185,nlme,711.8604
440000,10000,6.218,nlme,722.508
450000,10000,5.9959,nlme,734.9968
460000,10000,6.9353,nlme,753.0092
470000,10000,7.8323,nlme,776.5452
480000,10000,7.2902,nlme,779.828
490000,10000,8.0718,nlme,797.8404
500000,10000,7.3837,nlme,808.488
510000,10000,7.4696,nlme,824.6592
520000,10000,9.0455,nlme,837.148
530000,10000,8.6803,nlme,917.8686
540000,10000,8.2693,nlme,911.9454
550000,10000,9.4309,nlme,926.2754
560000,10000,9.268,nlme,942.4466
570000,10000,9.1634,nlme,954.9354
580000,10000,10.309,nlme,967.4242
590000,10000,10.8001,nlme,990.9602
600000,10000,10.5063,nlme,997.9254
610000,10000,11.5024,nlme,1014.0966
620000,10000,12.1021,nlme,1028.4266
630000,10000,12.0928,nlme,1039.0742
640000,10000,12.2389,nlme,1055.2454
650000,10000,12.2833,nlme,1069.5756
660000,10000,8.6124,nlme,1085.7466
670000,10000,8.4452,nlme,1100.0766
680000,10000,9.0854,nlme,1123.6126
690000,10000,10.1188,nlme,1126.8956
700000,10000,10.0543,nlme,1141.2254
710000,10000,10.559,nlme,1162.9202
720000,10000,10.4285,nlme,1168.0442
730000,10000,10.4537,nlme,1182.3742
740000,10000,11.159,nlme,1202.2278
750000,10000,10.503,nlme,1211.0342
760000,10000,10.1529,nlme,1227.2054
770000,10000,11.3799,nlme,1241.5354
780000,10000,11.3689,nlme,1254.0242
790000,10000,12.912,nlme,1268.3544
800000,10000,13.5775,nlme,1295.5726
810000,10000,14.5409,nlme,1313.585
820000,10000,14.813,nlme,1315.0266
830000,10000,13.2137,nlme,1325.6742
840000,10000,15.4837,nlme,1341.8454
850000,10000,13.1158,nlme,1354.3342
860000,10000,11.9132,nlme,1370.5056
870000,10000,10.4503,nlme,1382.9944
880000,10000,10.5176,nlme,1399.1656
890000,10000,10.7962,nlme,1413.4954
900000,10000,11.1408,nlme,1448.0786
910000,10000,12.9622,nlme,1445.8378
920000,10000,11.0221,nlme,1454.6442
930000,10000,11.009,nlme,1478.1802
940000,10000,11.099,nlme,1494.3514
950000,10000,11.3748,nlme,1499.4754
960000,10000,11.2355,nlme,1513.8054
970000,10000,11.8143,nlme,1526.2942
980000,10000,11.9377,nlme,1546.0438
990000,10000,11.9577,nlme,1556.7954
1000000,10000,12.3468,nlme,1569.2842
20000,10000,1.9184,mgcv,23.4566
30000,10000,2.0186,mgcv,33.1922
40000,10000,1.9823,mgcv,43.4168
50000,10000,1.9807,mgcv,53.1171
60000,10000,1.9687,mgcv,62.8174
70000,10000,1.9331,mgcv,73.5663
80000,10000,2.4063,mgcv,83.2666
90000,10000,2.0974,mgcv,92.9668
100000,10000,2.1521,mgcv,102.6671
110000,10000,2.1328,mgcv,112.4027
120000,10000,2.1848,mgcv,122.103
130000,10000,2.391,mgcv,131.8033
140000,10000,2.2244,mgcv,143.6008
150000,10000,2.3107,mgcv,153.3011
160000,10000,2.3131,mgcv,163.0014
170000,10000,2.4558,mgcv,172.7024
180000,10000,2.7918,mgcv,182.4027
190000,10000,2.7514,mgcv,192.1031
200000,10000,2.75,mgcv,201.8034
210000,10000,2.8644,mgcv,211.5037
220000,10000,2.9502,mgcv,221.204
230000,10000,3.0149,mgcv,230.9044
240000,10000,3.0457,mgcv,240.6047
250000,10000,2.8993,mgcv,250.305
260000,10000,2.8305,mgcv,260.0054
270000,10000,2.6154,mgcv,273.9
280000,10000,2.837,mgcv,283.6003
290000,10000,3.0481,mgcv,293.3009
300000,10000,2.7952,mgcv,303.001
310000,10000,2.8949,mgcv,312.7015
320000,10000,2.8602,mgcv,322.4019
330000,10000,3.0177,mgcv,332.1023
340000,10000,2.98,mgcv,341.8024
350000,10000,3.2806,mgcv,351.503
360000,10000,3.5074,mgcv,361.2033
370000,10000,3.1764,mgcv,370.9037
380000,10000,3.1869,mgcv,380.6042
390000,10000,2.7955,mgcv,390.3396
400000,10000,2.7874,mgcv,400.0402
410000,10000,2.6002,mgcv,409.7403
420000,10000,2.9531,mgcv,419.4409
430000,10000,2.9616,mgcv,429.1412
440000,10000,2.7252,mgcv,438.8415
450000,10000,2.7058,mgcv,448.5418
460000,10000,3.0864,mgcv,458.2422
470000,10000,3.2018,mgcv,467.9426
480000,10000,3.456,mgcv,477.6428
490000,10000,3.5675,mgcv,487.343
500000,10000,3.3666,mgcv,497.0437
510000,10000,3.2918,mgcv,506.7439
520000,10000,3.4512,mgcv,516.4442
530000,10000,3.1348,mgcv,534.5332
540000,10000,3.4307,mgcv,544.2335
550000,10000,3.57,mgcv,553.9337
560000,10000,3.5283,mgcv,563.6342
570000,10000,3.6759,mgcv,573.3346
580000,10000,3.7875,mgcv,583.0349
590000,10000,3.7585,mgcv,592.7353
600000,10000,3.7165,mgcv,602.4353
610000,10000,3.5486,mgcv,612.1359
620000,10000,4.2527,mgcv,621.8362
630000,10000,4.4205,mgcv,631.5367
640000,10000,4.2473,mgcv,641.2369
650000,10000,3.195,mgcv,650.937
660000,10000,3.1512,mgcv,660.6376
670000,10000,3.2508,mgcv,670.338
680000,10000,3.2791,mgcv,680.0383
690000,10000,3.5533,mgcv,689.7384
700000,10000,3.5254,mgcv,699.439
710000,10000,3.6218,mgcv,709.1393
720000,10000,3.7982,mgcv,718.8397
730000,10000,3.8644,mgcv,728.5398
740000,10000,3.3897,mgcv,738.2404
750000,10000,3.4386,mgcv,747.9407
760000,10000,3.3684,mgcv,757.641
770000,10000,3.7471,mgcv,767.3411
780000,10000,3.7944,mgcv,777.0419
790000,10000,4.2929,mgcv,786.7418
800000,10000,4.1257,mgcv,796.4421
810000,10000,4.0583,mgcv,806.1425
820000,10000,4.2519,mgcv,815.8428
830000,10000,3.9791,mgcv,825.5432
840000,10000,5.0231,mgcv,835.2434
850000,10000,4.2429,mgcv,844.9439
860000,10000,3.3021,mgcv,854.6442
870000,10000,3.4917,mgcv,864.3445
880000,10000,3.2845,mgcv,874.0449
890000,10000,3.4433,mgcv,883.7452
900000,10000,3.3404,mgcv,893.4454
910000,10000,3.7826,mgcv,903.1458
920000,10000,3.3547,mgcv,912.8462
930000,10000,3.437,mgcv,922.5466
940000,10000,3.427,mgcv,932.2469
950000,10000,3.408,mgcv,941.9473
960000,10000,3.4284,mgcv,951.6476
970000,10000,3.5671,mgcv,961.348
980000,10000,3.5472,mgcv,971.0483
990000,10000,3.7005,mgcv,980.7486
1000000,10000,3.5766,mgcv,990.4489
